target,uniprot,pdb_id,experimental_chain,aligned_index,residue,alphafold_residue_number,experimental_residue_number,plddt,ca_error_angstrom
hemoglobin_alpha,P69905,1A3N,A,1,V,2,1,91.12,0.633121
hemoglobin_alpha,P69905,1A3N,A,2,L,3,2,97.94,0.297826
hemoglobin_alpha,P69905,1A3N,A,3,S,4,3,98.5,0.35073
hemoglobin_alpha,P69905,1A3N,A,4,P,5,4,98.5,0.252809
hemoglobin_alpha,P69905,1A3N,A,5,A,6,5,98.56,0.271543
hemoglobin_alpha,P69905,1A3N,A,6,D,7,6,98.81,0.231208
hemoglobin_alpha,P69905,1A3N,A,7,K,8,7,98.69,0.160397
hemoglobin_alpha,P69905,1A3N,A,8,T,9,8,98.69,0.11712
hemoglobin_alpha,P69905,1A3N,A,9,N,10,9,98.75,0.196606
hemoglobin_alpha,P69905,1A3N,A,10,V,11,10,98.69,0.134648
hemoglobin_alpha,P69905,1A3N,A,11,K,12,11,98.62,0.181836
hemoglobin_alpha,P69905,1A3N,A,12,A,13,12,98.38,0.174566
hemoglobin_alpha,P69905,1A3N,A,13,A,14,13,98.44,0.167035
hemoglobin_alpha,P69905,1A3N,A,14,W,15,14,98.19,0.261248
hemoglobin_alpha,P69905,1A3N,A,15,G,16,15,98.06,0.235121
hemoglobin_alpha,P69905,1A3N,A,16,K,17,16,97.88,0.310272
hemoglobin_alpha,P69905,1A3N,A,17,V,18,17,97.69,0.268984
hemoglobin_alpha,P69905,1A3N,A,18,G,19,18,94.88,0.214841
hemoglobin_alpha,P69905,1A3N,A,19,A,20,19,96.38,0.256234
hemoglobin_alpha,P69905,1A3N,A,20,H,21,20,97.88,0.144265
hemoglobin_alpha,P69905,1A3N,A,21,A,22,21,97.25,0.116402
hemoglobin_alpha,P69905,1A3N,A,22,G,23,22,97.0,0.241887
hemoglobin_alpha,P69905,1A3N,A,23,E,24,23,98.44,0.2379
hemoglobin_alpha,P69905,1A3N,A,24,Y,25,24,98.75,0.241475
hemoglobin_alpha,P69905,1A3N,A,25,G,26,25,98.69,0.327279
hemoglobin_alpha,P69905,1A3N,A,26,A,27,26,98.81,0.394145
hemoglobin_alpha,P69905,1A3N,A,27,E,28,27,98.88,0.287252
hemoglobin_alpha,P69905,1A3N,A,28,A,29,28,98.88,0.182599
hemoglobin_alpha,P69905,1A3N,A,29,L,30,29,98.88,0.285231
hemoglobin_alpha,P69905,1A3N,A,30,E,31,30,98.88,0.249123
hemoglobin_alpha,P69905,1A3N,A,31,R,32,31,98.88,0.257643
hemoglobin_alpha,P69905,1A3N,A,32,M,33,32,98.88,0.162035
hemoglobin_alpha,P69905,1A3N,A,33,F,34,33,98.81,0.191825
hemoglobin_alpha,P69905,1A3N,A,34,L,35,34,98.75,0.113817
hemoglobin_alpha,P69905,1A3N,A,35,S,36,35,98.81,0.150376
hemoglobin_alpha,P69905,1A3N,A,36,F,37,36,98.75,0.225152
hemoglobin_alpha,P69905,1A3N,A,37,P,38,37,98.56,0.215041
hemoglobin_alpha,P69905,1A3N,A,38,T,39,38,98.69,0.165786
hemoglobin_alpha,P69905,1A3N,A,39,T,40,39,98.75,0.20126
hemoglobin_alpha,P69905,1A3N,A,40,K,41,40,98.69,0.217814
hemoglobin_alpha,P69905,1A3N,A,41,T,42,41,98.56,0.286606
hemoglobin_alpha,P69905,1A3N,A,42,Y,43,42,98.69,0.080553
hemoglobin_alpha,P69905,1A3N,A,43,F,44,43,98.62,0.135843
hemoglobin_alpha,P69905,1A3N,A,44,P,45,44,98.38,0.051479
hemoglobin_alpha,P69905,1A3N,A,45,H,46,45,98.25,0.084483
hemoglobin_alpha,P69905,1A3N,A,46,F,47,46,98.5,0.217887
hemoglobin_alpha,P69905,1A3N,A,47,D,48,47,98.75,0.447602
hemoglobin_alpha,P69905,1A3N,A,48,L,49,48,98.75,0.249511
hemoglobin_alpha,P69905,1A3N,A,49,S,50,49,98.5,0.50708
hemoglobin_alpha,P69905,1A3N,A,50,H,51,50,98.56,0.510663
hemoglobin_alpha,P69905,1A3N,A,51,G,52,51,97.69,0.274443
hemoglobin_alpha,P69905,1A3N,A,52,S,53,52,98.69,0.425709
hemoglobin_alpha,P69905,1A3N,A,53,A,54,53,98.75,0.384631
hemoglobin_alpha,P69905,1A3N,A,54,Q,55,54,98.81,0.254411
hemoglobin_alpha,P69905,1A3N,A,55,V,56,55,98.81,0.362702
hemoglobin_alpha,P69905,1A3N,A,56,K,57,56,98.81,0.301829
hemoglobin_alpha,P69905,1A3N,A,57,G,58,57,98.75,0.350089
hemoglobin_alpha,P69905,1A3N,A,58,H,59,58,98.75,0.310844
hemoglobin_alpha,P69905,1A3N,A,59,G,60,59,98.75,0.168737
hemoglobin_alpha,P69905,1A3N,A,60,K,61,60,98.69,0.139373
hemoglobin_alpha,P69905,1A3N,A,61,K,62,61,98.75,0.174952
hemoglobin_alpha,P69905,1A3N,A,62,V,63,62,98.56,0.118647
hemoglobin_alpha,P69905,1A3N,A,63,A,64,63,98.56,0.096684
hemoglobin_alpha,P69905,1A3N,A,64,D,65,64,98.69,0.110371
hemoglobin_alpha,P69905,1A3N,A,65,A,66,65,98.62,0.175638
hemoglobin_alpha,P69905,1A3N,A,66,L,67,66,98.69,0.166692
hemoglobin_alpha,P69905,1A3N,A,67,T,68,67,98.62,0.13394
hemoglobin_alpha,P69905,1A3N,A,68,N,69,68,98.69,0.133043
hemoglobin_alpha,P69905,1A3N,A,69,A,70,69,98.62,0.218106
hemoglobin_alpha,P69905,1A3N,A,70,V,71,70,98.56,0.145853
hemoglobin_alpha,P69905,1A3N,A,71,A,72,71,98.44,0.105777
hemoglobin_alpha,P69905,1A3N,A,72,H,73,72,98.5,0.233861
hemoglobin_alpha,P69905,1A3N,A,73,V,74,73,98.19,0.240732
hemoglobin_alpha,P69905,1A3N,A,74,D,75,74,97.88,0.240738
hemoglobin_alpha,P69905,1A3N,A,75,D,76,75,98.19,0.330846
hemoglobin_alpha,P69905,1A3N,A,76,M,77,76,98.38,0.332952
hemoglobin_alpha,P69905,1A3N,A,77,P,78,77,98.31,0.214566
hemoglobin_alpha,P69905,1A3N,A,78,N,79,78,98.44,0.167483
hemoglobin_alpha,P69905,1A3N,A,79,A,80,79,98.62,0.119238
hemoglobin_alpha,P69905,1A3N,A,80,L,81,80,98.62,0.122899
hemoglobin_alpha,P69905,1A3N,A,81,S,82,81,98.44,0.21327
hemoglobin_alpha,P69905,1A3N,A,82,A,83,82,98.56,0.240276
hemoglobin_alpha,P69905,1A3N,A,83,L,84,83,98.62,0.088845
hemoglobin_alpha,P69905,1A3N,A,84,S,85,84,98.38,0.159816
hemoglobin_alpha,P69905,1A3N,A,85,D,86,85,98.38,0.165712
hemoglobin_alpha,P69905,1A3N,A,86,L,87,86,98.56,0.063372
hemoglobin_alpha,P69905,1A3N,A,87,H,88,87,98.5,0.11198
hemoglobin_alpha,P69905,1A3N,A,88,A,89,88,97.44,0.183302
hemoglobin_alpha,P69905,1A3N,A,89,H,90,89,97.44,0.313528
hemoglobin_alpha,P69905,1A3N,A,90,K,91,90,97.44,0.29339
hemoglobin_alpha,P69905,1A3N,A,91,L,92,91,97.5,0.416461
hemoglobin_alpha,P69905,1A3N,A,92,R,93,92,96.69,0.49138
hemoglobin_alpha,P69905,1A3N,A,93,V,94,93,97.81,0.236873
hemoglobin_alpha,P69905,1A3N,A,94,D,95,94,98.25,0.266736
hemoglobin_alpha,P69905,1A3N,A,95,P,96,95,98.19,0.34056
hemoglobin_alpha,P69905,1A3N,A,96,V,97,96,98.0,0.385353
hemoglobin_alpha,P69905,1A3N,A,97,N,98,97,98.5,0.221728
hemoglobin_alpha,P69905,1A3N,A,98,F,99,98,98.56,0.343896
hemoglobin_alpha,P69905,1A3N,A,99,K,100,99,98.44,0.220457
hemoglobin_alpha,P69905,1A3N,A,100,L,101,100,98.81,0.081161
hemoglobin_alpha,P69905,1A3N,A,101,L,102,101,98.88,0.080974
hemoglobin_alpha,P69905,1A3N,A,102,S,103,102,98.81,0.057198
hemoglobin_alpha,P69905,1A3N,A,103,H,104,103,98.88,0.083544
hemoglobin_alpha,P69905,1A3N,A,104,C,105,104,98.88,0.146266
hemoglobin_alpha,P69905,1A3N,A,105,L,106,105,98.88,0.220336
hemoglobin_alpha,P69905,1A3N,A,106,L,107,106,98.81,0.265518
hemoglobin_alpha,P69905,1A3N,A,107,V,108,107,98.81,0.261543
hemoglobin_alpha,P69905,1A3N,A,108,T,109,108,98.88,0.208699
hemoglobin_alpha,P69905,1A3N,A,109,L,110,109,98.62,0.217449
hemoglobin_alpha,P69905,1A3N,A,110,A,111,110,98.69,0.214959
hemoglobin_alpha,P69905,1A3N,A,111,A,112,111,98.62,0.253555
hemoglobin_alpha,P69905,1A3N,A,112,H,113,112,98.62,0.239563
hemoglobin_alpha,P69905,1A3N,A,113,L,114,113,97.75,0.078871
hemoglobin_alpha,P69905,1A3N,A,114,P,115,114,96.06,0.599103
hemoglobin_alpha,P69905,1A3N,A,115,A,116,115,97.75,0.569709
hemoglobin_alpha,P69905,1A3N,A,116,E,117,116,97.62,0.272786
hemoglobin_alpha,P69905,1A3N,A,117,F,118,117,98.06,0.105566
hemoglobin_alpha,P69905,1A3N,A,118,T,119,118,98.69,0.042008
hemoglobin_alpha,P69905,1A3N,A,119,P,120,119,98.81,0.188223
hemoglobin_alpha,P69905,1A3N,A,120,A,121,120,98.62,0.265773
hemoglobin_alpha,P69905,1A3N,A,121,V,122,121,98.69,0.164178
hemoglobin_alpha,P69905,1A3N,A,122,H,123,122,98.81,0.230968
hemoglobin_alpha,P69905,1A3N,A,123,A,124,123,98.62,0.276132
hemoglobin_alpha,P69905,1A3N,A,124,S,125,124,98.75,0.211788
hemoglobin_alpha,P69905,1A3N,A,125,L,126,125,98.75,0.188425
hemoglobin_alpha,P69905,1A3N,A,126,D,127,126,98.81,0.20736
hemoglobin_alpha,P69905,1A3N,A,127,K,128,127,98.69,0.291273
hemoglobin_alpha,P69905,1A3N,A,128,F,129,128,98.81,0.24977
hemoglobin_alpha,P69905,1A3N,A,129,L,130,129,98.69,0.214006
hemoglobin_alpha,P69905,1A3N,A,130,A,131,130,98.5,0.284328
hemoglobin_alpha,P69905,1A3N,A,131,S,132,131,98.44,0.209934
hemoglobin_alpha,P69905,1A3N,A,132,V,133,132,98.56,0.170801
hemoglobin_alpha,P69905,1A3N,A,133,S,134,133,98.44,0.318423
hemoglobin_alpha,P69905,1A3N,A,134,T,135,134,98.06,0.38126
hemoglobin_alpha,P69905,1A3N,A,135,V,136,135,98.25,0.164488
hemoglobin_alpha,P69905,1A3N,A,136,L,137,136,98.5,0.225045
hemoglobin_alpha,P69905,1A3N,A,137,T,138,137,98.19,0.349298
hemoglobin_alpha,P69905,1A3N,A,138,S,139,138,97.69,0.300654
hemoglobin_alpha,P69905,1A3N,A,139,K,140,139,97.81,0.219396
hemoglobin_alpha,P69905,1A3N,A,140,Y,141,140,96.44,0.55317
hemoglobin_alpha,P69905,1A3N,A,141,R,142,141,92.25,0.899002
hemoglobin_beta,P68871,1A3N,B,1,H,3,2,87.62,0.545318
hemoglobin_beta,P68871,1A3N,B,2,L,4,3,93.88,0.541713
hemoglobin_beta,P68871,1A3N,B,3,T,5,4,96.25,0.563581
hemoglobin_beta,P68871,1A3N,B,4,P,6,5,94.94,0.562752
hemoglobin_beta,P68871,1A3N,B,5,E,7,6,96.56,0.552475
hemoglobin_beta,P68871,1A3N,B,6,E,8,7,97.62,0.436733
hemoglobin_beta,P68871,1A3N,B,7,K,9,8,95.69,0.160515
hemoglobin_beta,P68871,1A3N,B,8,S,10,9,96.0,0.260702
hemoglobin_beta,P68871,1A3N,B,9,A,11,10,97.25,0.453394
hemoglobin_beta,P68871,1A3N,B,10,V,12,11,98.12,0.389592
hemoglobin_beta,P68871,1A3N,B,11,T,13,12,96.44,0.212734
hemoglobin_beta,P68871,1A3N,B,12,A,14,13,97.38,0.300109
hemoglobin_beta,P68871,1A3N,B,13,L,15,14,98.5,0.256762
hemoglobin_beta,P68871,1A3N,B,14,W,16,15,98.25,0.381106
hemoglobin_beta,P68871,1A3N,B,15,G,17,16,97.81,0.510366
hemoglobin_beta,P68871,1A3N,B,16,K,18,17,98.19,0.366674
hemoglobin_beta,P68871,1A3N,B,17,V,19,18,98.5,0.302997
hemoglobin_beta,P68871,1A3N,B,18,N,20,19,97.94,0.869299
hemoglobin_beta,P68871,1A3N,B,19,V,21,20,97.69,0.521907
hemoglobin_beta,P68871,1A3N,B,20,D,22,21,97.06,0.727824
hemoglobin_beta,P68871,1A3N,B,21,E,23,22,97.44,0.676452
hemoglobin_beta,P68871,1A3N,B,22,V,24,23,98.75,0.520831
hemoglobin_beta,P68871,1A3N,B,23,G,25,24,98.62,0.362895
hemoglobin_beta,P68871,1A3N,B,24,G,26,25,98.62,0.165699
hemoglobin_beta,P68871,1A3N,B,25,E,27,26,98.75,0.29689
hemoglobin_beta,P68871,1A3N,B,26,A,28,27,98.94,0.139056
hemoglobin_beta,P68871,1A3N,B,27,L,29,28,98.88,0.167058
hemoglobin_beta,P68871,1A3N,B,28,G,30,29,98.81,0.175414
hemoglobin_beta,P68871,1A3N,B,29,R,31,30,98.88,0.249317
hemoglobin_beta,P68871,1A3N,B,30,L,32,31,98.88,0.236645
hemoglobin_beta,P68871,1A3N,B,31,L,33,32,98.81,0.334096
hemoglobin_beta,P68871,1A3N,B,32,V,34,33,98.75,0.427405
hemoglobin_beta,P68871,1A3N,B,33,V,35,34,98.62,0.561254
hemoglobin_beta,P68871,1A3N,B,34,Y,36,35,98.56,0.633717
hemoglobin_beta,P68871,1A3N,B,35,P,37,36,97.5,0.658371
hemoglobin_beta,P68871,1A3N,B,36,W,38,37,97.38,0.682305
hemoglobin_beta,P68871,1A3N,B,37,T,39,38,98.38,0.642647
hemoglobin_beta,P68871,1A3N,B,38,Q,40,39,98.25,0.378408
hemoglobin_beta,P68871,1A3N,B,39,R,41,40,96.62,0.961006
hemoglobin_beta,P68871,1A3N,B,40,F,42,41,96.88,0.34206
hemoglobin_beta,P68871,1A3N,B,41,F,43,42,97.75,0.471023
hemoglobin_beta,P68871,1A3N,B,42,E,44,43,95.88,0.85723
hemoglobin_beta,P68871,1A3N,B,43,S,45,44,97.5,0.674751
hemoglobin_beta,P68871,1A3N,B,44,F,46,45,98.38,0.565298
hemoglobin_beta,P68871,1A3N,B,45,G,47,46,97.44,0.710401
hemoglobin_beta,P68871,1A3N,B,46,D,48,47,97.94,0.88991
hemoglobin_beta,P68871,1A3N,B,47,L,49,48,98.44,0.737983
hemoglobin_beta,P68871,1A3N,B,48,S,50,49,96.69,1.192685
hemoglobin_beta,P68871,1A3N,B,49,T,51,50,98.25,0.962933
hemoglobin_beta,P68871,1A3N,B,50,P,52,51,98.62,0.771269
hemoglobin_beta,P68871,1A3N,B,51,D,53,52,98.62,0.931099
hemoglobin_beta,P68871,1A3N,B,52,A,54,53,98.5,0.890266
hemoglobin_beta,P68871,1A3N,B,53,V,55,54,98.81,0.495161
hemoglobin_beta,P68871,1A3N,B,54,M,56,55,98.38,0.322214
hemoglobin_beta,P68871,1A3N,B,55,G,57,56,98.06,0.676347
hemoglobin_beta,P68871,1A3N,B,56,N,58,57,98.62,0.261076
hemoglobin_beta,P68871,1A3N,B,57,P,59,58,98.38,0.346933
hemoglobin_beta,P68871,1A3N,B,58,K,60,59,98.81,0.555246
hemoglobin_beta,P68871,1A3N,B,59,V,61,60,98.81,0.345087
hemoglobin_beta,P68871,1A3N,B,60,K,62,61,98.69,0.382661
hemoglobin_beta,P68871,1A3N,B,61,A,63,62,98.69,0.559571
hemoglobin_beta,P68871,1A3N,B,62,H,64,63,98.62,0.455803
hemoglobin_beta,P68871,1A3N,B,63,G,65,64,98.81,0.426232
hemoglobin_beta,P68871,1A3N,B,64,K,66,65,98.25,0.563521
hemoglobin_beta,P68871,1A3N,B,65,K,67,66,98.5,0.509839
hemoglobin_beta,P68871,1A3N,B,66,V,68,67,98.5,0.799303
hemoglobin_beta,P68871,1A3N,B,67,L,69,68,98.38,0.876003
hemoglobin_beta,P68871,1A3N,B,68,G,70,69,98.06,0.585407
hemoglobin_beta,P68871,1A3N,B,69,A,71,70,98.25,0.493307
hemoglobin_beta,P68871,1A3N,B,70,F,72,71,98.44,0.725297
hemoglobin_beta,P68871,1A3N,B,71,S,73,72,98.06,0.815704
hemoglobin_beta,P68871,1A3N,B,72,D,74,73,96.62,0.94208
hemoglobin_beta,P68871,1A3N,B,73,G,75,74,96.56,0.8282
hemoglobin_beta,P68871,1A3N,B,74,L,76,75,96.56,0.408284
hemoglobin_beta,P68871,1A3N,B,75,A,77,76,95.31,0.349249
hemoglobin_beta,P68871,1A3N,B,76,H,78,77,95.19,0.480177
hemoglobin_beta,P68871,1A3N,B,77,L,79,78,93.12,0.477348
hemoglobin_beta,P68871,1A3N,B,78,D,80,79,91.56,0.542505
hemoglobin_beta,P68871,1A3N,B,79,N,81,80,95.5,0.623681
hemoglobin_beta,P68871,1A3N,B,80,L,82,81,97.25,0.539762
hemoglobin_beta,P68871,1A3N,B,81,K,83,82,96.44,0.663855
hemoglobin_beta,P68871,1A3N,B,82,G,84,83,96.88,0.614642
hemoglobin_beta,P68871,1A3N,B,83,T,85,84,97.94,0.622382
hemoglobin_beta,P68871,1A3N,B,84,F,86,85,98.19,0.418095
hemoglobin_beta,P68871,1A3N,B,85,A,87,86,97.75,0.563508
hemoglobin_beta,P68871,1A3N,B,86,T,88,87,97.69,0.752276
hemoglobin_beta,P68871,1A3N,B,87,L,89,88,98.0,0.481825
hemoglobin_beta,P68871,1A3N,B,88,S,90,89,98.38,0.278768
hemoglobin_beta,P68871,1A3N,B,89,E,91,90,97.88,0.524557
hemoglobin_beta,P68871,1A3N,B,90,L,92,91,98.0,0.59874
hemoglobin_beta,P68871,1A3N,B,91,H,93,92,97.38,0.478847
hemoglobin_beta,P68871,1A3N,B,92,C,94,93,97.44,0.410853
hemoglobin_beta,P68871,1A3N,B,93,D,95,94,95.69,0.521436
hemoglobin_beta,P68871,1A3N,B,94,K,96,95,95.5,0.598771
hemoglobin_beta,P68871,1A3N,B,95,L,97,96,96.25,0.612914
hemoglobin_beta,P68871,1A3N,B,96,H,98,97,95.62,0.445213
hemoglobin_beta,P68871,1A3N,B,97,V,99,98,97.31,0.445772
hemoglobin_beta,P68871,1A3N,B,98,D,100,99,96.69,0.527364
hemoglobin_beta,P68871,1A3N,B,99,P,101,100,96.75,0.512758
hemoglobin_beta,P68871,1A3N,B,100,E,102,101,97.56,0.34835
hemoglobin_beta,P68871,1A3N,B,101,N,103,102,98.38,0.561642
hemoglobin_beta,P68871,1A3N,B,102,F,104,103,98.44,0.249478
hemoglobin_beta,P68871,1A3N,B,103,R,105,104,98.31,0.246079
hemoglobin_beta,P68871,1A3N,B,104,L,106,105,98.81,0.327641
hemoglobin_beta,P68871,1A3N,B,105,L,107,106,98.88,0.132225
hemoglobin_beta,P68871,1A3N,B,106,G,108,107,98.75,0.300698
hemoglobin_beta,P68871,1A3N,B,107,N,109,108,98.75,0.44168
hemoglobin_beta,P68871,1A3N,B,108,V,110,109,98.88,0.310141
hemoglobin_beta,P68871,1A3N,B,109,L,111,110,98.88,0.233661
hemoglobin_beta,P68871,1A3N,B,110,V,112,111,98.81,0.318218
hemoglobin_beta,P68871,1A3N,B,111,C,113,112,98.75,0.314232
hemoglobin_beta,P68871,1A3N,B,112,V,114,113,98.81,0.192899
hemoglobin_beta,P68871,1A3N,B,113,L,115,114,98.81,0.317241
hemoglobin_beta,P68871,1A3N,B,114,A,116,115,98.62,0.428594
hemoglobin_beta,P68871,1A3N,B,115,H,117,116,98.38,0.573421
hemoglobin_beta,P68871,1A3N,B,116,H,118,117,98.5,0.733656
hemoglobin_beta,P68871,1A3N,B,117,F,119,118,98.31,0.646984
hemoglobin_beta,P68871,1A3N,B,118,G,120,119,96.81,0.358461
hemoglobin_beta,P68871,1A3N,B,119,K,121,120,97.25,0.853804
hemoglobin_beta,P68871,1A3N,B,120,E,122,121,97.12,0.529912
hemoglobin_beta,P68871,1A3N,B,121,F,123,122,98.12,0.289426
hemoglobin_beta,P68871,1A3N,B,122,T,124,123,98.31,0.398606
hemoglobin_beta,P68871,1A3N,B,123,P,125,124,98.31,0.275061
hemoglobin_beta,P68871,1A3N,B,124,P,126,125,98.0,0.116833
hemoglobin_beta,P68871,1A3N,B,125,V,127,126,98.38,0.084579
hemoglobin_beta,P68871,1A3N,B,126,Q,128,127,98.56,0.273554
hemoglobin_beta,P68871,1A3N,B,127,A,129,128,98.25,0.39896
hemoglobin_beta,P68871,1A3N,B,128,A,130,129,98.44,0.359732
hemoglobin_beta,P68871,1A3N,B,129,Y,131,130,98.56,0.183096
hemoglobin_beta,P68871,1A3N,B,130,Q,132,131,98.25,0.288495
hemoglobin_beta,P68871,1A3N,B,131,K,133,132,98.19,0.357642
hemoglobin_beta,P68871,1A3N,B,132,V,134,133,98.5,0.299401
hemoglobin_beta,P68871,1A3N,B,133,V,135,134,98.5,0.098376
hemoglobin_beta,P68871,1A3N,B,134,A,136,135,97.62,0.292721
hemoglobin_beta,P68871,1A3N,B,135,G,137,136,97.69,0.29978
hemoglobin_beta,P68871,1A3N,B,136,V,138,137,98.5,0.32225
hemoglobin_beta,P68871,1A3N,B,137,A,139,138,98.12,0.31786
hemoglobin_beta,P68871,1A3N,B,138,N,140,139,97.56,0.170913
hemoglobin_beta,P68871,1A3N,B,139,A,141,140,97.88,0.276698
hemoglobin_beta,P68871,1A3N,B,140,L,142,141,98.0,0.426654
hemoglobin_beta,P68871,1A3N,B,141,A,143,142,97.25,0.241672
hemoglobin_beta,P68871,1A3N,B,142,H,144,143,96.19,0.410159
hemoglobin_beta,P68871,1A3N,B,143,K,145,144,94.19,0.531569
hemoglobin_beta,P68871,1A3N,B,144,Y,146,145,95.56,0.523813
hemoglobin_beta,P68871,1A3N,B,145,H,147,146,85.38,0.548644
myoglobin,P02144,3RGK,A,1,G,2,1,85.0,0.94244
myoglobin,P02144,3RGK,A,2,L,3,2,97.56,0.378421
myoglobin,P02144,3RGK,A,3,S,4,3,97.88,0.292952
myoglobin,P02144,3RGK,A,4,D,5,4,97.69,0.327283
myoglobin,P02144,3RGK,A,5,G,6,5,98.25,0.450439
myoglobin,P02144,3RGK,A,6,E,7,6,98.62,0.420852
myoglobin,P02144,3RGK,A,7,W,8,7,98.56,0.379576
myoglobin,P02144,3RGK,A,8,Q,9,8,98.56,0.587865
myoglobin,P02144,3RGK,A,9,L,10,9,98.56,0.572877
myoglobin,P02144,3RGK,A,10,V,11,10,98.75,0.442365
myoglobin,P02144,3RGK,A,11,L,12,11,98.69,0.619883
myoglobin,P02144,3RGK,A,12,N,13,12,98.31,0.949704
myoglobin,P02144,3RGK,A,13,V,14,13,98.5,0.798094
myoglobin,P02144,3RGK,A,14,W,15,14,98.56,0.508131
myoglobin,P02144,3RGK,A,15,G,16,15,98.38,0.458427
myoglobin,P02144,3RGK,A,16,K,17,16,98.12,0.577104
myoglobin,P02144,3RGK,A,17,V,18,17,98.5,0.411661
myoglobin,P02144,3RGK,A,18,E,19,18,98.19,0.129336
myoglobin,P02144,3RGK,A,19,A,20,19,97.81,0.168298
myoglobin,P02144,3RGK,A,20,D,21,20,98.12,0.174527
myoglobin,P02144,3RGK,A,21,I,22,21,98.5,0.155965
myoglobin,P02144,3RGK,A,22,P,23,22,98.31,0.219021
myoglobin,P02144,3RGK,A,23,G,24,23,98.06,0.255408
myoglobin,P02144,3RGK,A,24,H,25,24,98.75,0.175949
myoglobin,P02144,3RGK,A,25,G,26,25,98.69,0.204785
myoglobin,P02144,3RGK,A,26,Q,27,26,98.5,0.213439
myoglobin,P02144,3RGK,A,27,E,28,27,98.56,0.265889
myoglobin,P02144,3RGK,A,28,V,29,28,98.81,0.22693
myoglobin,P02144,3RGK,A,29,L,30,29,98.75,0.132361
myoglobin,P02144,3RGK,A,30,I,31,30,98.56,0.255156
myoglobin,P02144,3RGK,A,31,R,32,31,98.44,0.346518
myoglobin,P02144,3RGK,A,32,L,33,32,98.62,0.259581
myoglobin,P02144,3RGK,A,33,F,34,33,98.25,0.318189
myoglobin,P02144,3RGK,A,34,K,35,34,97.5,0.512715
myoglobin,P02144,3RGK,A,35,G,36,35,97.25,0.358969
myoglobin,P02144,3RGK,A,36,H,37,36,97.69,0.387947
myoglobin,P02144,3RGK,A,37,P,38,37,96.75,0.383068
myoglobin,P02144,3RGK,A,38,E,39,38,97.12,0.286683
myoglobin,P02144,3RGK,A,39,T,40,39,97.94,0.278147
myoglobin,P02144,3RGK,A,40,L,41,40,97.56,0.241623
myoglobin,P02144,3RGK,A,41,E,42,41,96.56,0.181596
myoglobin,P02144,3RGK,A,42,K,43,42,96.88,0.249443
myoglobin,P02144,3RGK,A,43,F,44,43,96.94,0.253189
myoglobin,P02144,3RGK,A,44,D,45,44,96.38,0.296518
myoglobin,P02144,3RGK,A,45,F,47,46,97.69,0.589221
myoglobin,P02144,3RGK,A,46,K,48,47,95.69,2.170271
myoglobin,P02144,3RGK,A,47,H,49,48,96.5,1.91044
myoglobin,P02144,3RGK,A,48,L,50,49,96.75,0.643024
myoglobin,P02144,3RGK,A,49,K,51,50,91.06,0.421929
myoglobin,P02144,3RGK,A,50,S,52,51,95.44,0.655663
myoglobin,P02144,3RGK,A,51,E,53,52,96.56,0.688173
myoglobin,P02144,3RGK,A,52,D,54,53,97.69,1.019439
myoglobin,P02144,3RGK,A,53,E,55,54,98.12,0.74394
myoglobin,P02144,3RGK,A,54,M,56,55,98.25,0.410667
myoglobin,P02144,3RGK,A,55,K,57,56,97.94,0.68726
myoglobin,P02144,3RGK,A,56,A,58,57,98.06,0.799826
myoglobin,P02144,3RGK,A,57,S,59,58,98.31,0.686562
myoglobin,P02144,3RGK,A,58,E,60,59,98.12,0.616806
myoglobin,P02144,3RGK,A,59,D,61,60,98.31,0.620575
myoglobin,P02144,3RGK,A,60,L,62,61,98.31,0.459625
myoglobin,P02144,3RGK,A,61,K,63,62,98.56,0.379092
myoglobin,P02144,3RGK,A,62,K,64,63,98.69,0.45833
myoglobin,P02144,3RGK,A,63,H,65,64,98.5,0.239987
myoglobin,P02144,3RGK,A,64,G,66,65,98.56,0.356888
myoglobin,P02144,3RGK,A,65,A,67,66,98.62,0.235137
myoglobin,P02144,3RGK,A,66,T,68,67,98.5,0.309644
myoglobin,P02144,3RGK,A,67,V,69,68,98.25,0.218575
myoglobin,P02144,3RGK,A,68,L,70,69,98.62,0.081496
myoglobin,P02144,3RGK,A,69,T,71,70,98.62,0.130397
myoglobin,P02144,3RGK,A,70,A,72,71,98.38,0.228647
myoglobin,P02144,3RGK,A,71,L,73,72,98.5,0.197607
myoglobin,P02144,3RGK,A,72,G,74,73,98.44,0.254673
myoglobin,P02144,3RGK,A,73,G,75,74,98.38,0.327781
myoglobin,P02144,3RGK,A,74,I,76,75,98.5,0.289607
myoglobin,P02144,3RGK,A,75,L,77,76,98.44,0.333811
myoglobin,P02144,3RGK,A,76,K,78,77,98.44,0.370035
myoglobin,P02144,3RGK,A,77,K,79,78,98.19,0.388044
myoglobin,P02144,3RGK,A,78,K,80,79,97.81,0.643518
myoglobin,P02144,3RGK,A,79,G,81,80,96.62,1.496628
myoglobin,P02144,3RGK,A,80,H,82,81,96.88,0.839725
myoglobin,P02144,3RGK,A,81,H,83,82,97.31,0.649765
myoglobin,P02144,3RGK,A,82,E,84,83,96.38,0.420785
myoglobin,P02144,3RGK,A,83,A,85,84,97.31,0.4272
myoglobin,P02144,3RGK,A,84,E,86,85,97.62,0.372246
myoglobin,P02144,3RGK,A,85,I,87,86,97.06,0.268292
myoglobin,P02144,3RGK,A,86,K,88,87,96.75,0.494636
myoglobin,P02144,3RGK,A,87,P,89,88,97.25,0.547164
myoglobin,P02144,3RGK,A,88,L,90,89,97.56,0.274598
myoglobin,P02144,3RGK,A,89,A,91,90,97.69,0.220933
myoglobin,P02144,3RGK,A,90,Q,92,91,97.69,0.297057
myoglobin,P02144,3RGK,A,91,S,93,92,97.69,0.298352
myoglobin,P02144,3RGK,A,92,H,94,93,98.06,0.175947
myoglobin,P02144,3RGK,A,93,A,95,94,97.44,0.08252
myoglobin,P02144,3RGK,A,94,T,96,95,96.19,0.192136
myoglobin,P02144,3RGK,A,95,K,97,96,96.44,0.052735
myoglobin,P02144,3RGK,A,96,H,98,97,96.81,0.235024
myoglobin,P02144,3RGK,A,97,K,99,98,96.56,0.289634
myoglobin,P02144,3RGK,A,98,I,100,99,97.94,0.283963
myoglobin,P02144,3RGK,A,99,P,101,100,96.94,0.173913
myoglobin,P02144,3RGK,A,100,V,102,101,96.62,0.155752
myoglobin,P02144,3RGK,A,101,K,103,102,97.56,0.068452
myoglobin,P02144,3RGK,A,102,Y,104,103,98.31,0.167356
myoglobin,P02144,3RGK,A,103,L,105,104,98.12,0.117246
myoglobin,P02144,3RGK,A,104,E,106,105,98.19,0.123786
myoglobin,P02144,3RGK,A,105,F,107,106,98.62,0.267777
myoglobin,P02144,3RGK,A,106,I,108,107,98.62,0.222261
myoglobin,P02144,3RGK,A,107,S,109,108,98.62,0.114405
myoglobin,P02144,3RGK,A,108,E,110,109,98.56,0.220221
myoglobin,P02144,3RGK,A,109,I,112,111,98.75,0.213237
myoglobin,P02144,3RGK,A,110,I,113,112,98.75,0.231475
myoglobin,P02144,3RGK,A,111,Q,114,113,98.44,0.320807
myoglobin,P02144,3RGK,A,112,V,115,114,98.62,0.288387
myoglobin,P02144,3RGK,A,113,L,116,115,98.62,0.212882
myoglobin,P02144,3RGK,A,114,Q,117,116,98.25,0.418799
myoglobin,P02144,3RGK,A,115,S,118,117,97.94,0.514209
myoglobin,P02144,3RGK,A,116,K,119,118,97.88,0.353977
myoglobin,P02144,3RGK,A,117,H,120,119,98.0,0.378441
myoglobin,P02144,3RGK,A,118,P,121,120,97.12,0.958982
myoglobin,P02144,3RGK,A,119,G,122,121,96.75,1.047408
myoglobin,P02144,3RGK,A,120,D,123,122,96.62,0.78987
myoglobin,P02144,3RGK,A,121,F,124,123,98.31,0.429864
myoglobin,P02144,3RGK,A,122,G,125,124,97.5,0.366283
myoglobin,P02144,3RGK,A,123,A,126,125,98.12,0.36415
myoglobin,P02144,3RGK,A,124,D,127,126,98.06,0.427969
myoglobin,P02144,3RGK,A,125,A,128,127,98.5,0.309998
myoglobin,P02144,3RGK,A,126,Q,129,128,98.62,0.26299
myoglobin,P02144,3RGK,A,127,G,130,129,98.38,0.333581
myoglobin,P02144,3RGK,A,128,A,131,130,98.62,0.203541
myoglobin,P02144,3RGK,A,129,M,132,131,98.75,0.258032
myoglobin,P02144,3RGK,A,130,N,133,132,98.44,0.294437
myoglobin,P02144,3RGK,A,131,K,134,133,98.44,0.206124
myoglobin,P02144,3RGK,A,132,A,135,134,98.62,0.129257
myoglobin,P02144,3RGK,A,133,L,136,135,98.56,0.170713
myoglobin,P02144,3RGK,A,134,E,137,136,98.12,0.193637
myoglobin,P02144,3RGK,A,135,L,138,137,98.0,0.177092
myoglobin,P02144,3RGK,A,136,F,139,138,97.81,0.191935
myoglobin,P02144,3RGK,A,137,R,140,139,97.56,0.152713
myoglobin,P02144,3RGK,A,138,K,141,140,96.88,0.238712
myoglobin,P02144,3RGK,A,139,D,142,141,97.12,0.257463
myoglobin,P02144,3RGK,A,140,M,143,142,97.56,0.1565
myoglobin,P02144,3RGK,A,141,A,144,143,96.75,0.188581
myoglobin,P02144,3RGK,A,142,S,145,144,96.44,0.390934
myoglobin,P02144,3RGK,A,143,N,146,145,97.31,0.506466
myoglobin,P02144,3RGK,A,144,Y,147,146,97.81,0.465547
myoglobin,P02144,3RGK,A,145,K,148,147,96.0,0.741095
myoglobin,P02144,3RGK,A,146,E,149,148,95.75,0.786063
myoglobin,P02144,3RGK,A,147,L,150,149,96.12,0.815832
