candidate_id,target,uniprot,pdb_id,experimental_chain,alphafold_residue_start,alphafold_residue_end,residue_count,mean_plddt,median_ca_error_angstrom,max_ca_error_angstrom,candidate_score,candidate_status,novelty_status,evidence_tier,required_follow_up
estrogen_receptor_alpha:536-543,estrogen_receptor_alpha,P03372,1A52,A,536,543,8,93.421,24.824179,32.020716,94.825622,regional_hypothesis_candidate,not_established,computational_structural_discrepancy,"Review construct mutations, ligands, oligomeric state, alternate PDB entries, and experimental conditions; then validate independently."
tp53:336-336,tp53,P04637,2OCJ,A,336,336,1,95.56,27.084514,27.084514,25.881962,isolated_hypothesis_candidate,not_established,computational_structural_discrepancy,"Review construct mutations, ligands, oligomeric state, alternate PDB entries, and experimental conditions; then validate independently."
tp53:339-339,tp53,P04637,2OCJ,A,339,339,1,95.94,24.466733,24.466733,23.473384,isolated_hypothesis_candidate,not_established,computational_structural_discrepancy,"Review construct mutations, ligands, oligomeric state, alternate PDB entries, and experimental conditions; then validate independently."
tp53:329-329,tp53,P04637,2OCJ,A,329,329,1,93.19,24.881905,24.881905,23.187447,isolated_hypothesis_candidate,not_established,computational_structural_discrepancy,"Review construct mutations, ligands, oligomeric state, alternate PDB entries, and experimental conditions; then validate independently."
tp53:343-343,tp53,P04637,2OCJ,A,343,343,1,95.25,18.737955,18.737955,17.847902,isolated_hypothesis_candidate,not_established,computational_structural_discrepancy,"Review construct mutations, ligands, oligomeric state, alternate PDB entries, and experimental conditions; then validate independently."
sumo1:75-77,sumo1,P63165,1A5R,A,75,77,3,91.103,2.422371,6.838532,12.460261,regional_hypothesis_candidate,not_established,computational_structural_discrepancy,"Review construct mutations, ligands, oligomeric state, alternate PDB entries, and experimental conditions; then validate independently."
tp53:345-345,tp53,P04637,2OCJ,A,345,345,1,95.56,12.71354,12.71354,12.149059,isolated_hypothesis_candidate,not_established,computational_structural_discrepancy,"Review construct mutations, ligands, oligomeric state, alternate PDB entries, and experimental conditions; then validate independently."
tp53:290-290,tp53,P04637,2OCJ,A,290,290,1,91.38,11.348828,11.348828,10.370559,isolated_hypothesis_candidate,not_established,computational_structural_discrepancy,"Review construct mutations, ligands, oligomeric state, alternate PDB entries, and experimental conditions; then validate independently."
sumo1:35-38,sumo1,P63165,1A5R,A,35,38,4,90.72,2.680211,3.947459,8.315138,regional_hypothesis_candidate,not_established,computational_structural_discrepancy,"Review construct mutations, ligands, oligomeric state, alternate PDB entries, and experimental conditions; then validate independently."
sumo1:82-83,sumo1,P63165,1A5R,A,82,83,2,90.81,3.737212,4.589894,6.606255,regional_hypothesis_candidate,not_established,computational_structural_discrepancy,"Review construct mutations, ligands, oligomeric state, alternate PDB entries, and experimental conditions; then validate independently."
tp53:117-119,tp53,P04637,2OCJ,A,117,119,3,92.48,2.24423,3.102322,5.738055,regional_hypothesis_candidate,not_established,computational_structural_discrepancy,"Review construct mutations, ligands, oligomeric state, alternate PDB entries, and experimental conditions; then validate independently."
kras:167-167,kras,P01116,4OBE,A,167,167,1,95.19,4.895724,4.895724,4.66024,isolated_hypothesis_candidate,not_established,computational_structural_discrepancy,"Review construct mutations, ligands, oligomeric state, alternate PDB entries, and experimental conditions; then validate independently."
sumo1:79-79,sumo1,P63165,1A5R,A,79,79,1,91.06,4.473351,4.473351,4.073433,isolated_hypothesis_candidate,not_established,computational_structural_discrepancy,"Review construct mutations, ligands, oligomeric state, alternate PDB entries, and experimental conditions; then validate independently."
kras:47-48,kras,P01116,4OBE,A,47,48,2,97.28,2.241703,2.460495,3.793718,regional_hypothesis_candidate,not_established,computational_structural_discrepancy,"Review construct mutations, ligands, oligomeric state, alternate PDB entries, and experimental conditions; then validate independently."
tp53:225-226,tp53,P04637,2OCJ,A,225,226,2,94.905,2.274246,2.295971,3.453619,regional_hypothesis_candidate,not_established,computational_structural_discrepancy,"Review construct mutations, ligands, oligomeric state, alternate PDB entries, and experimental conditions; then validate independently."
cdk2:25-26,cdk2,P24941,1HCK,A,25,26,2,91.81,2.129065,2.244108,3.265523,regional_hypothesis_candidate,not_established,computational_structural_discrepancy,"Review construct mutations, ligands, oligomeric state, alternate PDB entries, and experimental conditions; then validate independently."
tp53:128-129,tp53,P04637,2OCJ,A,128,129,2,95.47,2.078097,2.117431,3.20402,regional_hypothesis_candidate,not_established,computational_structural_discrepancy,"Review construct mutations, ligands, oligomeric state, alternate PDB entries, and experimental conditions; then validate independently."
sumo1:86-86,sumo1,P63165,1A5R,A,86,86,1,94.06,2.778553,2.778553,2.613507,isolated_hypothesis_candidate,not_established,computational_structural_discrepancy,"Review construct mutations, ligands, oligomeric state, alternate PDB entries, and experimental conditions; then validate independently."
sumo1:67-67,sumo1,P63165,1A5R,A,67,67,1,91.44,2.553721,2.553721,2.335122,isolated_hypothesis_candidate,not_established,computational_structural_discrepancy,"Review construct mutations, ligands, oligomeric state, alternate PDB entries, and experimental conditions; then validate independently."
estrogen_receptor_alpha:334-334,estrogen_receptor_alpha,P03372,1A52,A,334,334,1,91.69,2.326986,2.326986,2.133613,isolated_hypothesis_candidate,not_established,computational_structural_discrepancy,"Review construct mutations, ligands, oligomeric state, alternate PDB entries, and experimental conditions; then validate independently."
myoglobin:48-48,myoglobin,P02144,3RGK,A,48,48,1,95.69,2.170271,2.170271,2.076732,isolated_hypothesis_candidate,not_established,computational_structural_discrepancy,"Review construct mutations, ligands, oligomeric state, alternate PDB entries, and experimental conditions; then validate independently."
kras:122-122,kras,P01116,4OBE,A,122,122,1,96.38,2.15368,2.15368,2.075717,isolated_hypothesis_candidate,not_established,computational_structural_discrepancy,"Review construct mutations, ligands, oligomeric state, alternate PDB entries, and experimental conditions; then validate independently."
estrogen_receptor_alpha:330-330,estrogen_receptor_alpha,P03372,1A52,A,330,330,1,94.75,2.073465,2.073465,1.964608,isolated_hypothesis_candidate,not_established,computational_structural_discrepancy,"Review construct mutations, ligands, oligomeric state, alternate PDB entries, and experimental conditions; then validate independently."
sumo1:69-69,sumo1,P63165,1A5R,A,69,69,1,91.44,2.1444,2.1444,1.960839,isolated_hypothesis_candidate,not_established,computational_structural_discrepancy,"Review construct mutations, ligands, oligomeric state, alternate PDB entries, and experimental conditions; then validate independently."
sumo1:48-48,sumo1,P63165,1A5R,A,48,48,1,90.06,2.13129,2.13129,1.91944,isolated_hypothesis_candidate,not_established,computational_structural_discrepancy,"Review construct mutations, ligands, oligomeric state, alternate PDB entries, and experimental conditions; then validate independently."
sumo1:71-71,sumo1,P63165,1A5R,A,71,71,1,92.81,2.044704,2.044704,1.89769,isolated_hypothesis_candidate,not_established,computational_structural_discrepancy,"Review construct mutations, ligands, oligomeric state, alternate PDB entries, and experimental conditions; then validate independently."
tp53:228-228,tp53,P04637,2OCJ,A,228,228,1,93.94,2.001623,2.001623,1.880325,isolated_hypothesis_candidate,not_established,computational_structural_discrepancy,"Review construct mutations, ligands, oligomeric state, alternate PDB entries, and experimental conditions; then validate independently."
